id,total,category
fund,87,keywords
series,77,keywords
indonesia,57,keywords
india,55,keywords
singapore,52,keywords
tech,50,keywords
china,46,keywords
grab,40,keywords
money,34,keywords
gojek,33,keywords
coronavirus,32,keywords
seed,29,keywords
southeast,28,keywords
app,27,keywords
platform,26,keywords
capital,25,keywords
hong kong,24,keywords
softbank,24,keywords
digital,22,keywords
edtech,18,keywords
launch,17,keywords
delivery,16,keywords
online,15,keywords
service,14,keywords
ceo,14,keywords
oyo,14,keywords
bytedance,13,keywords
sea,12,keywords
facebook,12,keywords
jio,11,keywords
pay,11,keywords
crisis,9,keywords
staff,9,keywords
global,8,keywords
uber,8,keywords
venture,8,keywords
unicorn,7,keywords
bank,4,keywords
News,630,categories
Startups,570,categories
Investments,365,categories
Premium Content,151,categories
Fintech,117,categories
Ecommerce,76,categories
Asia,58,categories
Opinion,53,categories
Artificial Intelligence,41,categories
Transportation,41,categories
Analysis,40,categories
Community,40,categories
TIA Partnership,38,categories
Profiles,33,categories
Visual Stories,32,categories
Landscape reports,31,categories
Trends,26,categories
Announcements,23,categories
Acquisitions,22,categories
Mobile,16,categories
Gaming,13,categories
Videos,12,categories
Media,12,categories
Business-to-business,12,categories
Blockchain,11,categories
Events,10,categories
Internet,9,categories
Social Media,8,categories
Tips,8,categories
Management,7,categories
Q&A,4,categories
GreenTech,3,categories
Recruitment,3,categories
Data science,3,categories
TIA Originals,3,categories
Tech in Asia Jobs,3,categories
Conference,3,categories
Miguel Cordon,231,author
Doris Yu,226,author
Terence Lee,32,author
TIA Visuals,31,author
TIA Bot,22,author
Melissa Goh,21,author
Kenan Machado,19,author
Willis Wee,17,author
Putra Muskita,17,author
Aditya Hadi Pratama,15,author
Nathaniel Fetalvero,15,author
Jonathan Burgos,13,author
Stefanie Yeo,13,author
Henan Sun,11,author
Thu Huong Le,11,author
Joseph Gan,11,author
Avanish Tiwary,11,author
Moulishree Srivastava,10,author
Jack Ellis,9,author
Khamila Mulia,9,author
Wency Chen,9,author
Betty Chum,8,author
"Vincent Fernando, CFA",7,author
Song Jingli,6,author
Melvin Chen,5,author
Winston Zhang,5,author
Masha Borak,4,author
Nikki Natividad,4,author
Ursula Florene,4,author
Nicole Jao,4,author
Cindy Silviana,4,author
AJ Cortese,3,author
Coco Feng,3,author
Jane Zhang,3,author
Sarah Dai,3,author
Nathan Millard,3,author
Edith C.,3,author
Maria Li,3,author
Rizqi Maulana,2,author
Andrew Baisley,2,author
Minghe Hu,2,author
Kimberly Garcia,2,author
Celia Chen,2,author
William Gozali,2,author
Theodora Sarah Abigail,2,author
Diah Harni,2,author
Georg Chmiel,2,author
Esther Loh,2,author
Salonie Ganju,2,author
KC Calpo,2,author
TIA Jobs Bot,2,author
Samantha Cheh,2,author
Eric Ng,1,author
Enoch Yiu,1,author
Karen Chiu,1,author
